file,line,type,commit,author,date,time,timezone,datetime,depth,length
style.css,1,css,765a2b6c,Nomin Batjargal,2025-01-10,00:20:39,-08:00,2025-01-10T00:20:39-08:00,0,5
style.css,2,css,765a2b6c,Nomin Batjargal,2025-01-10,00:20:39,-08:00,2025-01-10T00:20:39-08:00,0,44
style.css,3,css,765a2b6c,Nomin Batjargal,2025-01-10,00:20:39,-08:00,2025-01-10T00:20:39-08:00,0,43
style.css,4,css,765a2b6c,Nomin Batjargal,2025-01-10,00:20:39,-08:00,2025-01-10T00:20:39-08:00,0,1
style.css,5,css,765a2b6c,Nomin Batjargal,2025-01-10,00:20:39,-08:00,2025-01-10T00:20:39-08:00,0,24
style.css,6,css,91074c12,Nomin Batjargal,2025-01-17,22:13:04,-08:00,2025-01-17T22:13:04-08:00,0,16
style.css,7,css,91074c12,Nomin Batjargal,2025-01-17,22:13:04,-08:00,2025-01-17T22:13:04-08:00,0,19
style.css,8,css,91074c12,Nomin Batjargal,2025-01-17,22:13:04,-08:00,2025-01-17T22:13:04-08:00,0,14
style.css,9,css,91074c12,Nomin Batjargal,2025-01-17,22:13:04,-08:00,2025-01-17T22:13:04-08:00,0,0
style.css,10,css,91074c12,Nomin Batjargal,2025-01-17,22:13:04,-08:00,2025-01-17T22:13:04-08:00,0,0
style.css,11,css,b1a7edc2,Nomin Batjargal,2025-01-24,21:06:22,-08:00,2025-01-24T21:06:22-08:00,0,5
style.css,12,css,b1a7edc2,Nomin Batjargal,2025-01-24,21:06:22,-08:00,2025-01-24T21:06:22-08:00,0,33
style.css,13,css,b1a7edc2,Nomin Batjargal,2025-01-24,21:06:22,-08:00,2025-01-24T21:06:22-08:00,0,33
style.css,14,css,91074c12,Nomin Batjargal,2025-01-17,22:13:04,-08:00,2025-01-17T22:13:04-08:00,0,0
style.css,15,css,91074c12,Nomin Batjargal,2025-01-17,22:13:04,-08:00,2025-01-17T22:13:04-08:00,0,0
style.css,16,css,b1a7edc2,Nomin Batjargal,2025-01-24,21:06:22,-08:00,2025-01-24T21:06:22-08:00,0,2
style.css,17,css,91074c12,Nomin Batjargal,2025-01-17,22:13:04,-08:00,2025-01-17T22:13:04-08:00,0,7
style.css,18,css,91074c12,Nomin Batjargal,2025-01-17,22:13:04,-08:00,2025-01-17T22:13:04-08:00,0,21
style.css,19,css,91074c12,Nomin Batjargal,2025-01-17,22:13:04,-08:00,2025-01-17T22:13:04-08:00,0,14
style.css,20,css,91074c12,Nomin Batjargal,2025-01-17,22:13:04,-08:00,2025-01-17T22:13:04-08:00,0,14
style.css,21,css,91074c12,Nomin Batjargal,2025-01-17,22:13:04,-08:00,2025-01-17T22:13:04-08:00,0,0
style.css,22,css,91074c12,Nomin Batjargal,2025-01-17,22:13:04,-08:00,2025-01-17T22:13:04-08:00,0,0
style.css,23,css,91074c12,Nomin Batjargal,2025-01-17,22:13:04,-08:00,2025-01-17T22:13:04-08:00,0,4
style.css,24,css,91074c12,Nomin Batjargal,2025-01-17,22:13:04,-08:00,2025-01-17T22:13:04-08:00,0,13
style.css,25,css,91074c12,Nomin Batjargal,2025-01-17,22:13:04,-08:00,2025-01-17T22:13:04-08:00,0,18
style.css,26,css,91074c12,Nomin Batjargal,2025-01-17,22:13:04,-08:00,2025-01-17T22:13:04-08:00,0,18
style.css,27,css,91074c12,Nomin Batjargal,2025-01-17,22:13:04,-08:00,2025-01-17T22:13:04-08:00,0,42
style.css,28,css,b1a7edc2,Nomin Batjargal,2025-01-24,21:06:22,-08:00,2025-01-24T21:06:22-08:00,0,40
style.css,29,css,b1a7edc2,Nomin Batjargal,2025-01-24,21:06:22,-08:00,2025-01-24T21:06:22-08:00,0,40
style.css,30,css,91074c12,Nomin Batjargal,2025-01-17,22:13:04,-08:00,2025-01-17T22:13:04-08:00,0,0
style.css,31,css,91074c12,Nomin Batjargal,2025-01-17,22:13:04,-08:00,2025-01-17T22:13:04-08:00,0,0
style.css,32,css,91074c12,Nomin Batjargal,2025-01-17,22:13:04,-08:00,2025-01-17T22:13:04-08:00,0,10
style.css,33,css,91074c12,Nomin Batjargal,2025-01-17,22:13:04,-08:00,2025-01-17T22:13:04-08:00,0,44
style.css,34,css,91074c12,Nomin Batjargal,2025-01-17,22:13:04,-08:00,2025-01-17T22:13:04-08:00,0,21
style.css,35,css,91074c12,Nomin Batjargal,2025-01-17,22:13:04,-08:00,2025-01-17T22:13:04-08:00,0,17
style.css,36,css,b1a7edc2,Nomin Batjargal,2025-01-24,21:06:22,-08:00,2025-01-24T21:06:22-08:00,0,40
style.css,37,css,91074c12,Nomin Batjargal,2025-01-17,22:13:04,-08:00,2025-01-17T22:13:04-08:00,0,0
style.css,38,css,91074c12,Nomin Batjargal,2025-01-17,22:13:04,-08:00,2025-01-17T22:13:04-08:00,0,0
style.css,39,css,91074c12,Nomin Batjargal,2025-01-17,22:13:04,-08:00,2025-01-17T22:13:04-08:00,0,8
style.css,40,css,91074c12,Nomin Batjargal,2025-01-17,22:13:04,-08:00,2025-01-17T22:13:04-08:00,0,46
style.css,41,css,91074c12,Nomin Batjargal,2025-01-17,22:13:04,-08:00,2025-01-17T22:13:04-08:00,0,21
style.css,42,css,b1a7edc2,Nomin Batjargal,2025-01-24,21:06:22,-08:00,2025-01-24T21:06:22-08:00,0,70
style.css,43,css,91074c12,Nomin Batjargal,2025-01-17,22:13:04,-08:00,2025-01-17T22:13:04-08:00,0,0
style.css,44,css,91074c12,Nomin Batjargal,2025-01-17,22:13:04,-08:00,2025-01-17T22:13:04-08:00,0,0
style.css,45,css,91074c12,Nomin Batjargal,2025-01-17,22:13:04,-08:00,2025-01-17T22:13:04-08:00,0,5
style.css,46,css,91074c12,Nomin Batjargal,2025-01-17,22:13:04,-08:00,2025-01-17T22:13:04-08:00,0,13
style.css,47,css,91074c12,Nomin Batjargal,2025-01-17,22:13:04,-08:00,2025-01-17T22:13:04-08:00,0,31
style.css,48,css,91074c12,Nomin Batjargal,2025-01-17,22:13:04,-08:00,2025-01-17T22:13:04-08:00,0,8
style.css,49,css,91074c12,Nomin Batjargal,2025-01-17,22:13:04,-08:00,2025-01-17T22:13:04-08:00,0,0
style.css,50,css,91074c12,Nomin Batjargal,2025-01-17,22:13:04,-08:00,2025-01-17T22:13:04-08:00,0,0
style.css,51,css,91074c12,Nomin Batjargal,2025-01-17,22:13:04,-08:00,2025-01-17T22:13:04-08:00,0,6
style.css,52,css,91074c12,Nomin Batjargal,2025-01-17,22:13:04,-08:00,2025-01-17T22:13:04-08:00,0,13
style.css,53,css,91074c12,Nomin Batjargal,2025-01-17,22:13:04,-08:00,2025-01-17T22:13:04-08:00,0,30
style.css,54,css,91074c12,Nomin Batjargal,2025-01-17,22:13:04,-08:00,2025-01-17T22:13:04-08:00,0,19
style.css,55,css,91074c12,Nomin Batjargal,2025-01-17,22:13:04,-08:00,2025-01-17T22:13:04-08:00,0,0
style.css,56,css,91074c12,Nomin Batjargal,2025-01-17,22:13:04,-08:00,2025-01-17T22:13:04-08:00,0,0
style.css,57,css,91074c12,Nomin Batjargal,2025-01-17,22:13:04,-08:00,2025-01-17T22:13:04-08:00,0,7
style.css,58,css,91074c12,Nomin Batjargal,2025-01-17,22:13:04,-08:00,2025-01-17T22:13:04-08:00,0,19
style.css,59,css,91074c12,Nomin Batjargal,2025-01-17,22:13:04,-08:00,2025-01-17T22:13:04-08:00,0,13
style.css,60,css,91074c12,Nomin Batjargal,2025-01-17,22:13:04,-08:00,2025-01-17T22:13:04-08:00,0,0
style.css,61,css,91074c12,Nomin Batjargal,2025-01-17,22:13:04,-08:00,2025-01-17T22:13:04-08:00,0,0
style.css,62,css,b1a7edc2,Nomin Batjargal,2025-01-24,21:06:22,-08:00,2025-01-24T21:06:22-08:00,0,24
style.css,63,css,91074c12,Nomin Batjargal,2025-01-17,22:13:04,-08:00,2025-01-17T22:13:04-08:00,0,13
style.css,64,css,91074c12,Nomin Batjargal,2025-01-17,22:13:04,-08:00,2025-01-17T22:13:04-08:00,0,0
style.css,65,css,91074c12,Nomin Batjargal,2025-01-17,22:13:04,-08:00,2025-01-17T22:13:04-08:00,0,0
style.css,66,css,91074c12,Nomin Batjargal,2025-01-17,22:13:04,-08:00,2025-01-17T22:13:04-08:00,0,10
style.css,67,css,91074c12,Nomin Batjargal,2025-01-17,22:13:04,-08:00,2025-01-17T22:13:04-08:00,0,13
style.css,68,css,91074c12,Nomin Batjargal,2025-01-17,22:13:04,-08:00,2025-01-17T22:13:04-08:00,0,59
style.css,69,css,91074c12,Nomin Batjargal,2025-01-17,22:13:04,-08:00,2025-01-17T22:13:04-08:00,0,8
style.css,70,css,91074c12,Nomin Batjargal,2025-01-17,22:13:04,-08:00,2025-01-17T22:13:04-08:00,0,0
style.css,71,css,91074c12,Nomin Batjargal,2025-01-17,22:13:04,-08:00,2025-01-17T22:13:04-08:00,0,8
style.css,72,css,91074c12,Nomin Batjargal,2025-01-17,22:13:04,-08:00,2025-01-17T22:13:04-08:00,0,27
style.css,73,css,91074c12,Nomin Batjargal,2025-01-17,22:13:04,-08:00,2025-01-17T22:13:04-08:00,0,16
style.css,74,css,91074c12,Nomin Batjargal,2025-01-17,22:13:04,-08:00,2025-01-17T22:13:04-08:00,0,0
style.css,75,css,91074c12,Nomin Batjargal,2025-01-17,22:13:04,-08:00,2025-01-17T22:13:04-08:00,0,0
style.css,76,css,88a7de43,Nomin Batjargal,2025-02-08,23:47:14,-08:00,2025-02-08T23:47:14-08:00,0,15
style.css,77,css,91074c12,Nomin Batjargal,2025-01-17,22:13:04,-08:00,2025-01-17T22:13:04-08:00,0,9
style.css,78,css,88a7de43,Nomin Batjargal,2025-02-08,23:47:14,-08:00,2025-02-08T23:47:14-08:00,0,18
style.css,79,css,91074c12,Nomin Batjargal,2025-01-17,22:13:04,-08:00,2025-01-17T22:13:04-08:00,0,0
style.css,80,css,91074c12,Nomin Batjargal,2025-01-17,22:13:04,-08:00,2025-01-17T22:13:04-08:00,0,0
style.css,81,css,91074c12,Nomin Batjargal,2025-01-17,22:13:04,-08:00,2025-01-17T22:13:04-08:00,0,0
style.css,82,css,91074c12,Nomin Batjargal,2025-01-17,22:13:04,-08:00,2025-01-17T22:13:04-08:00,0,3
style.css,83,css,91074c12,Nomin Batjargal,2025-01-17,22:13:04,-08:00,2025-01-17T22:13:04-08:00,0,15
style.css,84,css,91074c12,Nomin Batjargal,2025-01-17,22:13:04,-08:00,2025-01-17T22:13:04-08:00,0,16
style.css,85,css,4dfd9a74,Nomin Batjargal,2025-01-17,23:43:15,-08:00,2025-01-17T23:43:15-08:00,0,18
style.css,86,css,b1a7edc2,Nomin Batjargal,2025-01-24,21:06:22,-08:00,2025-01-24T21:06:22-08:00,0,0
style.css,87,css,b1a7edc2,Nomin Batjargal,2025-01-24,21:06:22,-08:00,2025-01-24T21:06:22-08:00,0,0
style.css,88,css,b1a7edc2,Nomin Batjargal,2025-01-24,21:06:22,-08:00,2025-01-24T21:06:22-08:00,0,19
style.css,89,css,b1a7edc2,Nomin Batjargal,2025-01-24,21:06:22,-08:00,2025-01-24T21:06:22-08:00,0,18
style.css,90,css,b1a7edc2,Nomin Batjargal,2025-01-24,21:06:22,-08:00,2025-01-24T21:06:22-08:00,0,8
style.css,91,css,b1a7edc2,Nomin Batjargal,2025-01-24,21:06:22,-08:00,2025-01-24T21:06:22-08:00,0,10
style.css,92,css,b1a7edc2,Nomin Batjargal,2025-01-24,21:06:22,-08:00,2025-01-24T21:06:22-08:00,0,14
style.css,93,css,b1a7edc2,Nomin Batjargal,2025-01-24,21:06:22,-08:00,2025-01-24T21:06:22-08:00,0,13
style.css,94,css,1cf2f244,Nomin Batjargal,2025-01-24,22:28:42,-08:00,2025-01-24T22:28:42-08:00,0,7
style.css,95,css,1cf2f244,Nomin Batjargal,2025-01-24,22:28:42,-08:00,2025-01-24T22:28:42-08:00,0,18
style.css,96,css,1cf2f244,Nomin Batjargal,2025-01-24,22:28:42,-08:00,2025-01-24T22:28:42-08:00,0,0
style.css,97,css,f19e8c3f,Nomin Batjargal,2025-01-31,21:09:47,-08:00,2025-01-31T21:09:47-08:00,0,0
style.css,98,css,f19e8c3f,Nomin Batjargal,2025-01-31,21:09:47,-08:00,2025-01-31T21:09:47-08:00,0,0
style.css,99,css,f19e8c3f,Nomin Batjargal,2025-01-31,21:09:47,-08:00,2025-01-31T21:09:47-08:00,0,8
style.css,100,css,f19e8c3f,Nomin Batjargal,2025-01-31,21:09:47,-08:00,2025-01-31T21:09:47-08:00,0,3
style.css,101,css,f19e8c3f,Nomin Batjargal,2025-01-31,21:09:47,-08:00,2025-01-31T21:09:47-08:00,0,12
style.css,102,css,f19e8c3f,Nomin Batjargal,2025-01-31,21:09:47,-08:00,2025-01-31T21:09:47-08:00,0,70
style.css,103,css,f19e8c3f,Nomin Batjargal,2025-01-31,21:09:47,-08:00,2025-01-31T21:09:47-08:00,0,18
style.css,104,css,f19e8c3f,Nomin Batjargal,2025-01-31,21:09:47,-08:00,2025-01-31T21:09:47-08:00,0,0
style.css,105,css,f19e8c3f,Nomin Batjargal,2025-01-31,21:09:47,-08:00,2025-01-31T21:09:47-08:00,0,2
style.css,106,css,f19e8c3f,Nomin Batjargal,2025-01-31,21:09:47,-08:00,2025-01-31T21:09:47-08:00,0,44
style.css,107,css,f19e8c3f,Nomin Batjargal,2025-01-31,21:09:47,-08:00,2025-01-31T21:09:47-08:00,0,0
style.css,108,css,f19e8c3f,Nomin Batjargal,2025-01-31,21:09:47,-08:00,2025-01-31T21:09:47-08:00,0,5
style.css,109,css,f19e8c3f,Nomin Batjargal,2025-01-31,21:09:47,-08:00,2025-01-31T21:09:47-08:00,0,16
style.css,110,css,f19e8c3f,Nomin Batjargal,2025-01-31,21:09:47,-08:00,2025-01-31T21:09:47-08:00,0,0
style.css,111,css,f19e8c3f,Nomin Batjargal,2025-01-31,21:09:47,-08:00,2025-01-31T21:09:47-08:00,0,11
style.css,112,css,f19e8c3f,Nomin Batjargal,2025-01-31,21:09:47,-08:00,2025-01-31T21:09:47-08:00,0,13
style.css,113,css,f19e8c3f,Nomin Batjargal,2025-01-31,21:09:47,-08:00,2025-01-31T21:09:47-08:00,0,8
style.css,114,css,f19e8c3f,Nomin Batjargal,2025-01-31,21:09:47,-08:00,2025-01-31T21:09:47-08:00,0,15
style.css,115,css,f19e8c3f,Nomin Batjargal,2025-01-31,21:09:47,-08:00,2025-01-31T21:09:47-08:00,0,0
style.css,116,css,f19e8c3f,Nomin Batjargal,2025-01-31,21:09:47,-08:00,2025-01-31T21:09:47-08:00,0,4
style.css,117,css,f19e8c3f,Nomin Batjargal,2025-01-31,21:09:47,-08:00,2025-01-31T21:09:47-08:00,0,11
style.css,118,css,f19e8c3f,Nomin Batjargal,2025-01-31,21:09:47,-08:00,2025-01-31T21:09:47-08:00,0,12
style.css,119,css,f19e8c3f,Nomin Batjargal,2025-01-31,21:09:47,-08:00,2025-01-31T21:09:47-08:00,0,0
style.css,120,css,f19e8c3f,Nomin Batjargal,2025-01-31,21:09:47,-08:00,2025-01-31T21:09:47-08:00,0,14
style.css,121,css,f19e8c3f,Nomin Batjargal,2025-01-31,21:09:47,-08:00,2025-01-31T21:09:47-08:00,0,9
style.css,122,css,f19e8c3f,Nomin Batjargal,2025-01-31,21:09:47,-08:00,2025-01-31T21:09:47-08:00,0,0
style.css,123,css,f19e8c3f,Nomin Batjargal,2025-01-31,21:09:47,-08:00,2025-01-31T21:09:47-08:00,0,14
style.css,124,css,f19e8c3f,Nomin Batjargal,2025-01-31,21:09:47,-08:00,2025-01-31T21:09:47-08:00,0,16
style.css,125,css,f19e8c3f,Nomin Batjargal,2025-01-31,21:09:47,-08:00,2025-01-31T21:09:47-08:00,0,0
style.css,126,css,f19e8c3f,Nomin Batjargal,2025-01-31,21:09:47,-08:00,2025-01-31T21:09:47-08:00,0,0
style.css,127,css,f19e8c3f,Nomin Batjargal,2025-01-31,21:09:47,-08:00,2025-01-31T21:09:47-08:00,0,0
style.css,128,css,f19e8c3f,Nomin Batjargal,2025-01-31,21:09:47,-08:00,2025-01-31T21:09:47-08:00,0,15
style.css,129,css,f19e8c3f,Nomin Batjargal,2025-01-31,21:09:47,-08:00,2025-01-31T21:09:47-08:00,0,2
style.css,130,css,f19e8c3f,Nomin Batjargal,2025-01-31,21:09:47,-08:00,2025-01-31T21:09:47-08:00,0,13
style.css,131,css,f19e8c3f,Nomin Batjargal,2025-01-31,21:09:47,-08:00,2025-01-31T21:09:47-08:00,0,37
style.css,132,css,f19e8c3f,Nomin Batjargal,2025-01-31,21:09:47,-08:00,2025-01-31T21:09:47-08:00,0,23
style.css,133,css,f19e8c3f,Nomin Batjargal,2025-01-31,21:09:47,-08:00,2025-01-31T21:09:47-08:00,0,15
style.css,134,css,f19e8c3f,Nomin Batjargal,2025-01-31,21:09:47,-08:00,2025-01-31T21:09:47-08:00,0,20
style.css,135,css,f19e8c3f,Nomin Batjargal,2025-01-31,21:09:47,-08:00,2025-01-31T21:09:47-08:00,0,0
style.css,136,css,f19e8c3f,Nomin Batjargal,2025-01-31,21:09:47,-08:00,2025-01-31T21:09:47-08:00,0,3
style.css,137,css,f19e8c3f,Nomin Batjargal,2025-01-31,21:09:47,-08:00,2025-01-31T21:09:47-08:00,0,58
style.css,138,css,f19e8c3f,Nomin Batjargal,2025-01-31,21:09:47,-08:00,2025-01-31T21:09:47-08:00,0,0
style.css,139,css,f19e8c3f,Nomin Batjargal,2025-01-31,21:09:47,-08:00,2025-01-31T21:09:47-08:00,0,3
style.css,140,css,f19e8c3f,Nomin Batjargal,2025-01-31,21:09:47,-08:00,2025-01-31T21:09:47-08:00,0,59
style.css,141,css,f19e8c3f,Nomin Batjargal,2025-01-31,21:09:47,-08:00,2025-01-31T21:09:47-08:00,0,0
style.css,142,css,71a0b874,Nomin Batjargal,2025-02-08,20:36:49,-08:00,2025-02-08T20:36:49-08:00,0,0
style.css,143,css,71a0b874,Nomin Batjargal,2025-02-08,20:36:49,-08:00,2025-02-08T20:36:49-08:00,0,0
style.css,144,css,71a0b874,Nomin Batjargal,2025-02-08,20:36:49,-08:00,2025-02-08T20:36:49-08:00,0,19
style.css,145,css,71a0b874,Nomin Batjargal,2025-02-08,20:36:49,-08:00,2025-02-08T20:36:49-08:00,0,15
style.css,146,css,71a0b874,Nomin Batjargal,2025-02-08,20:36:49,-08:00,2025-02-08T20:36:49-08:00,0,17
style.css,147,css,71a0b874,Nomin Batjargal,2025-02-08,20:36:49,-08:00,2025-02-08T20:36:49-08:00,0,14
style.css,148,css,71a0b874,Nomin Batjargal,2025-02-08,20:36:49,-08:00,2025-02-08T20:36:49-08:00,0,0
style.css,149,css,71a0b874,Nomin Batjargal,2025-02-08,20:36:49,-08:00,2025-02-08T20:36:49-08:00,0,0
style.css,150,css,71a0b874,Nomin Batjargal,2025-02-08,20:36:49,-08:00,2025-02-08T20:36:49-08:00,0,8
style.css,151,css,71a0b874,Nomin Batjargal,2025-02-08,20:36:49,-08:00,2025-02-08T20:36:49-08:00,0,20
style.css,152,css,71a0b874,Nomin Batjargal,2025-02-08,20:36:49,-08:00,2025-02-08T20:36:49-08:00,0,12
style.css,153,css,71a0b874,Nomin Batjargal,2025-02-08,20:36:49,-08:00,2025-02-08T20:36:49-08:00,0,19
style.css,154,css,71a0b874,Nomin Batjargal,2025-02-08,20:36:49,-08:00,2025-02-08T20:36:49-08:00,0,30
style.css,155,css,71a0b874,Nomin Batjargal,2025-02-08,20:36:49,-08:00,2025-02-08T20:36:49-08:00,0,18
style.css,156,css,71a0b874,Nomin Batjargal,2025-02-08,20:36:49,-08:00,2025-02-08T20:36:49-08:00,0,0
style.css,157,css,71a0b874,Nomin Batjargal,2025-02-08,20:36:49,-08:00,2025-02-08T20:36:49-08:00,0,0
style.css,158,css,71a0b874,Nomin Batjargal,2025-02-08,20:36:49,-08:00,2025-02-08T20:36:49-08:00,0,8
style.css,159,css,71a0b874,Nomin Batjargal,2025-02-08,20:36:49,-08:00,2025-02-08T20:36:49-08:00,0,13
style.css,160,css,71a0b874,Nomin Batjargal,2025-02-08,20:36:49,-08:00,2025-02-08T20:36:49-08:00,0,58
style.css,161,css,71a0b874,Nomin Batjargal,2025-02-08,20:36:49,-08:00,2025-02-08T20:36:49-08:00,0,12
style.css,162,css,71a0b874,Nomin Batjargal,2025-02-08,20:36:49,-08:00,2025-02-08T20:36:49-08:00,0,19
style.css,163,css,71a0b874,Nomin Batjargal,2025-02-08,20:36:49,-08:00,2025-02-08T20:36:49-08:00,0,7
style.css,164,css,71a0b874,Nomin Batjargal,2025-02-08,20:36:49,-08:00,2025-02-08T20:36:49-08:00,0,8
style.css,165,css,71a0b874,Nomin Batjargal,2025-02-08,20:36:49,-08:00,2025-02-08T20:36:49-08:00,0,0
style.css,166,css,71a0b874,Nomin Batjargal,2025-02-08,20:36:49,-08:00,2025-02-08T20:36:49-08:00,0,0
style.css,167,css,71a0b874,Nomin Batjargal,2025-02-08,20:36:49,-08:00,2025-02-08T20:36:49-08:00,0,8
style.css,168,css,71a0b874,Nomin Batjargal,2025-02-08,20:36:49,-08:00,2025-02-08T20:36:49-08:00,0,13
style.css,169,css,71a0b874,Nomin Batjargal,2025-02-08,20:36:49,-08:00,2025-02-08T20:36:49-08:00,0,19
style.css,170,css,71a0b874,Nomin Batjargal,2025-02-08,20:36:49,-08:00,2025-02-08T20:36:49-08:00,0,10
style.css,171,css,eb614b35,Nomin Batjargal,2025-02-08,21:47:55,-08:00,2025-02-08T21:47:55-08:00,0,14
style.css,172,css,71a0b874,Nomin Batjargal,2025-02-08,20:36:49,-08:00,2025-02-08T20:36:49-08:00,0,0
style.css,173,css,71a0b874,Nomin Batjargal,2025-02-08,20:36:49,-08:00,2025-02-08T20:36:49-08:00,0,0
style.css,174,css,71a0b874,Nomin Batjargal,2025-02-08,20:36:49,-08:00,2025-02-08T20:36:49-08:00,0,11
style.css,175,css,71a0b874,Nomin Batjargal,2025-02-08,20:36:49,-08:00,2025-02-08T20:36:49-08:00,0,13
style.css,176,css,71a0b874,Nomin Batjargal,2025-02-08,20:36:49,-08:00,2025-02-08T20:36:49-08:00,0,19
style.css,177,css,71a0b874,Nomin Batjargal,2025-02-08,20:36:49,-08:00,2025-02-08T20:36:49-08:00,0,8
style.css,178,css,71a0b874,Nomin Batjargal,2025-02-08,20:36:49,-08:00,2025-02-08T20:36:49-08:00,0,0
style.css,179,css,71a0b874,Nomin Batjargal,2025-02-08,20:36:49,-08:00,2025-02-08T20:36:49-08:00,0,0
style.css,180,css,71a0b874,Nomin Batjargal,2025-02-08,20:36:49,-08:00,2025-02-08T20:36:49-08:00,0,18
style.css,181,css,71a0b874,Nomin Batjargal,2025-02-08,20:36:49,-08:00,2025-02-08T20:36:49-08:00,0,17
style.css,182,css,71a0b874,Nomin Batjargal,2025-02-08,20:36:49,-08:00,2025-02-08T20:36:49-08:00,0,12
style.css,183,css,71a0b874,Nomin Batjargal,2025-02-08,20:36:49,-08:00,2025-02-08T20:36:49-08:00,0,0
style.css,184,css,71a0b874,Nomin Batjargal,2025-02-08,20:36:49,-08:00,2025-02-08T20:36:49-08:00,0,0
style.css,185,css,71a0b874,Nomin Batjargal,2025-02-08,20:36:49,-08:00,2025-02-08T20:36:49-08:00,0,0
style.css,186,css,71a0b874,Nomin Batjargal,2025-02-08,20:36:49,-08:00,2025-02-08T20:36:49-08:00,0,5
style.css,187,css,71a0b874,Nomin Batjargal,2025-02-08,20:36:49,-08:00,2025-02-08T20:36:49-08:00,0,17
style.css,188,css,71a0b874,Nomin Batjargal,2025-02-08,20:36:49,-08:00,2025-02-08T20:36:49-08:00,0,15
style.css,189,css,71a0b874,Nomin Batjargal,2025-02-08,20:36:49,-08:00,2025-02-08T20:36:49-08:00,0,0
style.css,190,css,71a0b874,Nomin Batjargal,2025-02-08,20:36:49,-08:00,2025-02-08T20:36:49-08:00,0,0
style.css,191,css,71a0b874,Nomin Batjargal,2025-02-08,20:36:49,-08:00,2025-02-08T20:36:49-08:00,0,10
style.css,192,css,71a0b874,Nomin Batjargal,2025-02-08,20:36:49,-08:00,2025-02-08T20:36:49-08:00,0,36
style.css,193,css,71a0b874,Nomin Batjargal,2025-02-08,20:36:49,-08:00,2025-02-08T20:36:49-08:00,0,0
style.css,194,css,71a0b874,Nomin Batjargal,2025-02-08,20:36:49,-08:00,2025-02-08T20:36:49-08:00,0,11
style.css,195,css,71a0b874,Nomin Batjargal,2025-02-08,20:36:49,-08:00,2025-02-08T20:36:49-08:00,0,18
style.css,196,css,71a0b874,Nomin Batjargal,2025-02-08,20:36:49,-08:00,2025-02-08T20:36:49-08:00,0,0
style.css,197,css,53c41710,Nomin Batjargal,2025-02-08,23:15:57,-08:00,2025-02-08T23:15:57-08:00,0,0
style.css,198,css,53c41710,Nomin Batjargal,2025-02-08,23:15:57,-08:00,2025-02-08T23:15:57-08:00,0,0
style.css,199,css,53c41710,Nomin Batjargal,2025-02-08,23:15:57,-08:00,2025-02-08T23:15:57-08:00,0,11
style.css,200,css,53c41710,Nomin Batjargal,2025-02-08,23:15:57,-08:00,2025-02-08T23:15:57-08:00,0,14
style.css,201,css,53c41710,Nomin Batjargal,2025-02-08,23:15:57,-08:00,2025-02-08T23:15:57-08:00,0,15
style.css,202,css,53c41710,Nomin Batjargal,2025-02-08,23:15:57,-08:00,2025-02-08T23:15:57-08:00,0,11
style.css,203,css,88a7de43,Nomin Batjargal,2025-02-08,23:47:14,-08:00,2025-02-08T23:47:14-08:00,0,48
style.css,204,css,88a7de43,Nomin Batjargal,2025-02-08,23:47:14,-08:00,2025-02-08T23:47:14-08:00,0,53
style.css,205,css,4dfd9a74,Nomin Batjargal,2025-01-17,23:43:15,-08:00,2025-01-17T23:43:15-08:00,0,0
index.js,1,js,f19e8c3f,Nomin Batjargal,2025-01-31,21:09:47,-08:00,2025-01-31T21:09:47-08:00,0,72
index.js,2,js,f19e8c3f,Nomin Batjargal,2025-01-31,21:09:47,-08:00,2025-01-31T21:09:47-08:00,0,55
index.js,3,js,f19e8c3f,Nomin Batjargal,2025-01-31,21:09:47,-08:00,2025-01-31T21:09:47-08:00,0,43
index.js,4,js,f19e8c3f,Nomin Batjargal,2025-01-31,21:09:47,-08:00,2025-01-31T21:09:47-08:00,0,61
index.js,5,js,f19e8c3f,Nomin Batjargal,2025-01-31,21:09:47,-08:00,2025-01-31T21:09:47-08:00,0,55
index.js,6,js,f19e8c3f,Nomin Batjargal,2025-01-31,21:09:47,-08:00,2025-01-31T21:09:47-08:00,0,52
index.js,7,js,f19e8c3f,Nomin Batjargal,2025-01-31,21:09:47,-08:00,2025-01-31T21:09:47-08:00,0,61
index.js,8,js,f19e8c3f,Nomin Batjargal,2025-01-31,21:09:47,-08:00,2025-01-31T21:09:47-08:00,0,18
index.js,9,js,f19e8c3f,Nomin Batjargal,2025-01-31,21:09:47,-08:00,2025-01-31T21:09:47-08:00,0,25
index.js,10,js,f19e8c3f,Nomin Batjargal,2025-01-31,21:09:47,-08:00,2025-01-31T21:09:47-08:00,0,3
index.js,11,js,f19e8c3f,Nomin Batjargal,2025-01-31,21:09:47,-08:00,2025-01-31T21:09:47-08:00,0,55
index.js,12,js,f19e8c3f,Nomin Batjargal,2025-01-31,21:09:47,-08:00,2025-01-31T21:09:47-08:00,0,55
index.js,13,js,f19e8c3f,Nomin Batjargal,2025-01-31,21:09:47,-08:00,2025-01-31T21:09:47-08:00,0,49
index.js,14,js,f19e8c3f,Nomin Batjargal,2025-01-31,21:09:47,-08:00,2025-01-31T21:09:47-08:00,0,49
index.js,15,js,f19e8c3f,Nomin Batjargal,2025-01-31,21:09:47,-08:00,2025-01-31T21:09:47-08:00,0,4
index.js,16,js,f19e8c3f,Nomin Batjargal,2025-01-31,21:09:47,-08:00,2025-01-31T21:09:47-08:00,0,1
index.js,17,js,f19e8c3f,Nomin Batjargal,2025-01-31,21:09:47,-08:00,2025-01-31T21:09:47-08:00,0,0
index.html,1,html,56291908,Nomin Batjargal,2025-01-09,22:47:50,-08:00,2025-01-09T22:47:50-08:00,0,14
index.html,2,html,57267e85,Nomin Batjargal,2025-01-24,22:14:23,-08:00,2025-01-24T22:14:23-08:00,0,28
index.html,3,html,56291908,Nomin Batjargal,2025-01-09,22:47:50,-08:00,2025-01-09T22:47:50-08:00,0,5
index.html,4,html,56291908,Nomin Batjargal,2025-01-09,22:47:50,-08:00,2025-01-09T22:47:50-08:00,0,21
index.html,5,html,56291908,Nomin Batjargal,2025-01-09,22:47:50,-08:00,2025-01-09T22:47:50-08:00,0,69
index.html,6,html,56291908,Nomin Batjargal,2025-01-09,22:47:50,-08:00,2025-01-09T22:47:50-08:00,0,58
index.html,7,html,91074c12,Nomin Batjargal,2025-01-17,22:13:04,-08:00,2025-01-17T22:13:04-08:00,0,39
index.html,8,html,f19e8c3f,Nomin Batjargal,2025-01-31,21:09:47,-08:00,2025-01-31T21:09:47-08:00,0,46
index.html,9,html,f19e8c3f,Nomin Batjargal,2025-01-31,21:09:47,-08:00,2025-01-31T21:09:47-08:00,0,51
index.html,10,html,56291908,Nomin Batjargal,2025-01-09,22:47:50,-08:00,2025-01-09T22:47:50-08:00,0,6
index.html,11,html,56291908,Nomin Batjargal,2025-01-09,22:47:50,-08:00,2025-01-09T22:47:50-08:00,0,5
index.html,12,html,56291908,Nomin Batjargal,2025-01-09,22:47:50,-08:00,2025-01-09T22:47:50-08:00,0,23
index.html,13,html,659f8fef,Nomin Batjargal,2025-01-10,14:36:00,-08:00,2025-01-10T14:36:00-08:00,0,88
index.html,14,html,072d24be,Nomin Batjargal,2025-01-10,22:50:41,-08:00,2025-01-10T22:50:41-08:00,0,113
index.html,15,html,f19e8c3f,Nomin Batjargal,2025-01-31,21:09:47,-08:00,2025-01-31T21:09:47-08:00,0,23
index.html,16,html,f19e8c3f,Nomin Batjargal,2025-01-31,21:09:47,-08:00,2025-01-31T21:09:47-08:00,0,21
index.html,17,html,f19e8c3f,Nomin Batjargal,2025-01-31,21:09:47,-08:00,2025-01-31T21:09:47-08:00,0,50
index.html,18,html,f19e8c3f,Nomin Batjargal,2025-01-31,21:09:47,-08:00,2025-01-31T21:09:47-08:00,0,5
index.html,19,html,f19e8c3f,Nomin Batjargal,2025-01-31,21:09:47,-08:00,2025-01-31T21:09:47-08:00,0,23
index.html,20,html,f19e8c3f,Nomin Batjargal,2025-01-31,21:09:47,-08:00,2025-01-31T21:09:47-08:00,0,29
index.html,21,html,56291908,Nomin Batjargal,2025-01-09,22:47:50,-08:00,2025-01-09T22:47:50-08:00,0,6
index.html,22,html,56291908,Nomin Batjargal,2025-01-09,22:47:50,-08:00,2025-01-09T22:47:50-08:00,0,6
global.js,1,js,b1a7edc2,Nomin Batjargal,2025-01-24,21:06:22,-08:00,2025-01-24T21:06:22-08:00,0,26
global.js,2,js,b1a7edc2,Nomin Batjargal,2025-01-24,21:06:22,-08:00,2025-01-24T21:06:22-08:00,0,0
global.js,3,js,b1a7edc2,Nomin Batjargal,2025-01-24,21:06:22,-08:00,2025-01-24T21:06:22-08:00,0,42
global.js,4,js,b1a7edc2,Nomin Batjargal,2025-01-24,21:06:22,-08:00,2025-01-24T21:06:22-08:00,0,53
global.js,5,js,b1a7edc2,Nomin Batjargal,2025-01-24,21:06:22,-08:00,2025-01-24T21:06:22-08:00,0,0
global.js,6,js,b1a7edc2,Nomin Batjargal,2025-01-24,21:06:22,-08:00,2025-01-24T21:06:22-08:00,0,0
global.js,7,js,b1a7edc2,Nomin Batjargal,2025-01-24,21:06:22,-08:00,2025-01-24T21:06:22-08:00,0,12
global.js,8,js,b1a7edc2,Nomin Batjargal,2025-01-24,21:06:22,-08:00,2025-01-24T21:06:22-08:00,0,26
global.js,9,js,2d63f10f,Nomin Batjargal,2025-01-24,22:10:30,-08:00,2025-01-24T22:10:30-08:00,0,39
global.js,10,js,2d63f10f,Nomin Batjargal,2025-01-24,22:10:30,-08:00,2025-01-24T22:10:30-08:00,0,35
global.js,11,js,2d63f10f,Nomin Batjargal,2025-01-24,22:10:30,-08:00,2025-01-24T22:10:30-08:00,0,37
global.js,12,js,3cb07d79,Nomin Batjargal,2025-02-12,11:12:56,-08:00,2025-02-12T11:12:56-08:00,0,31
global.js,13,js,b1a7edc2,Nomin Batjargal,2025-01-24,21:06:22,-08:00,2025-01-24T21:06:22-08:00,0,54
global.js,14,js,b1a7edc2,Nomin Batjargal,2025-01-24,21:06:22,-08:00,2025-01-24T21:06:22-08:00,0,1
global.js,15,js,b1a7edc2,Nomin Batjargal,2025-01-24,21:06:22,-08:00,2025-01-24T21:06:22-08:00,0,0
global.js,16,js,b1a7edc2,Nomin Batjargal,2025-01-24,21:06:22,-08:00,2025-01-24T21:06:22-08:00,0,39
global.js,17,js,b1a7edc2,Nomin Batjargal,2025-01-24,21:06:22,-08:00,2025-01-24T21:06:22-08:00,0,0
global.js,18,js,b1a7edc2,Nomin Batjargal,2025-01-24,21:06:22,-08:00,2025-01-24T21:06:22-08:00,0,26
global.js,19,js,b1a7edc2,Nomin Batjargal,2025-01-24,21:06:22,-08:00,2025-01-24T21:06:22-08:00,0,0
global.js,20,js,b1a7edc2,Nomin Batjargal,2025-01-24,21:06:22,-08:00,2025-01-24T21:06:22-08:00,0,21
global.js,21,js,b1a7edc2,Nomin Batjargal,2025-01-24,21:06:22,-08:00,2025-01-24T21:06:22-08:00,0,15
global.js,22,js,b1a7edc2,Nomin Batjargal,2025-01-24,21:06:22,-08:00,2025-01-24T21:06:22-08:00,0,19
global.js,23,js,b1a7edc2,Nomin Batjargal,2025-01-24,21:06:22,-08:00,2025-01-24T21:06:22-08:00,0,71
global.js,24,js,b1a7edc2,Nomin Batjargal,2025-01-24,21:06:22,-08:00,2025-01-24T21:06:22-08:00,0,65
global.js,25,js,b1a7edc2,Nomin Batjargal,2025-01-24,21:06:22,-08:00,2025-01-24T21:06:22-08:00,0,35
global.js,26,js,b1a7edc2,Nomin Batjargal,2025-01-24,21:06:22,-08:00,2025-01-24T21:06:22-08:00,0,12
global.js,27,js,b1a7edc2,Nomin Batjargal,2025-01-24,21:06:22,-08:00,2025-01-24T21:06:22-08:00,0,21
global.js,28,js,b1a7edc2,Nomin Batjargal,2025-01-24,21:06:22,-08:00,2025-01-24T21:06:22-08:00,0,13
global.js,29,js,b1a7edc2,Nomin Batjargal,2025-01-24,21:06:22,-08:00,2025-01-24T21:06:22-08:00,0,18
global.js,30,js,b1a7edc2,Nomin Batjargal,2025-01-24,21:06:22,-08:00,2025-01-24T21:06:22-08:00,0,9
global.js,31,js,b1a7edc2,Nomin Batjargal,2025-01-24,21:06:22,-08:00,2025-01-24T21:06:22-08:00,0,59
global.js,32,js,b1a7edc2,Nomin Batjargal,2025-01-24,21:06:22,-08:00,2025-01-24T21:06:22-08:00,0,1
global.js,33,js,b1a7edc2,Nomin Batjargal,2025-01-24,21:06:22,-08:00,2025-01-24T21:06:22-08:00,0,30
global.js,34,js,b1a7edc2,Nomin Batjargal,2025-01-24,21:06:22,-08:00,2025-01-24T21:06:22-08:00,0,34
global.js,35,js,b1a7edc2,Nomin Batjargal,2025-01-24,21:06:22,-08:00,2025-01-24T21:06:22-08:00,0,0
global.js,36,js,b1a7edc2,Nomin Batjargal,2025-01-24,21:06:22,-08:00,2025-01-24T21:06:22-08:00,0,0
global.js,37,js,b1a7edc2,Nomin Batjargal,2025-01-24,21:06:22,-08:00,2025-01-24T21:06:22-08:00,0,0
global.js,38,js,b1a7edc2,Nomin Batjargal,2025-01-24,21:06:22,-08:00,2025-01-24T21:06:22-08:00,0,32
global.js,39,js,b1a7edc2,Nomin Batjargal,2025-01-24,21:06:22,-08:00,2025-01-24T21:06:22-08:00,0,12
global.js,40,js,b1a7edc2,Nomin Batjargal,2025-01-24,21:06:22,-08:00,2025-01-24T21:06:22-08:00,0,0
global.js,41,js,b1a7edc2,Nomin Batjargal,2025-01-24,21:06:22,-08:00,2025-01-24T21:06:22-08:00,0,27
global.js,42,js,b1a7edc2,Nomin Batjargal,2025-01-24,21:06:22,-08:00,2025-01-24T21:06:22-08:00,0,5
global.js,43,js,b1a7edc2,Nomin Batjargal,2025-01-24,21:06:22,-08:00,2025-01-24T21:06:22-08:00,0,7
global.js,44,js,b1a7edc2,Nomin Batjargal,2025-01-24,21:06:22,-08:00,2025-01-24T21:06:22-08:00,0,44
global.js,45,js,b1a7edc2,Nomin Batjargal,2025-01-24,21:06:22,-08:00,2025-01-24T21:06:22-08:00,0,35
global.js,46,js,b1a7edc2,Nomin Batjargal,2025-01-24,21:06:22,-08:00,2025-01-24T21:06:22-08:00,0,33
global.js,47,js,b1a7edc2,Nomin Batjargal,2025-01-24,21:06:22,-08:00,2025-01-24T21:06:22-08:00,0,8
global.js,48,js,b1a7edc2,Nomin Batjargal,2025-01-24,21:06:22,-08:00,2025-01-24T21:06:22-08:00,0,8
global.js,49,js,b1a7edc2,Nomin Batjargal,2025-01-24,21:06:22,-08:00,2025-01-24T21:06:22-08:00,0,1
global.js,50,js,b1a7edc2,Nomin Batjargal,2025-01-24,21:06:22,-08:00,2025-01-24T21:06:22-08:00,0,0
global.js,51,js,b1a7edc2,Nomin Batjargal,2025-01-24,21:06:22,-08:00,2025-01-24T21:06:22-08:00,0,45
global.js,52,js,b1a7edc2,Nomin Batjargal,2025-01-24,21:06:22,-08:00,2025-01-24T21:06:22-08:00,0,0
global.js,53,js,b1a7edc2,Nomin Batjargal,2025-01-24,21:06:22,-08:00,2025-01-24T21:06:22-08:00,0,50
global.js,54,js,b1a7edc2,Nomin Batjargal,2025-01-24,21:06:22,-08:00,2025-01-24T21:06:22-08:00,0,58
global.js,55,js,b1a7edc2,Nomin Batjargal,2025-01-24,21:06:22,-08:00,2025-01-24T21:06:22-08:00,0,78
global.js,56,js,b1a7edc2,Nomin Batjargal,2025-01-24,21:06:22,-08:00,2025-01-24T21:06:22-08:00,0,44
global.js,57,js,b1a7edc2,Nomin Batjargal,2025-01-24,21:06:22,-08:00,2025-01-24T21:06:22-08:00,0,2
global.js,58,js,b1a7edc2,Nomin Batjargal,2025-01-24,21:06:22,-08:00,2025-01-24T21:06:22-08:00,0,0
global.js,59,js,b1a7edc2,Nomin Batjargal,2025-01-24,21:06:22,-08:00,2025-01-24T21:06:22-08:00,0,35
global.js,60,js,b1a7edc2,Nomin Batjargal,2025-01-24,21:06:22,-08:00,2025-01-24T21:06:22-08:00,0,39
global.js,61,js,b1a7edc2,Nomin Batjargal,2025-01-24,21:06:22,-08:00,2025-01-24T21:06:22-08:00,0,68
global.js,62,js,b1a7edc2,Nomin Batjargal,2025-01-24,21:06:22,-08:00,2025-01-24T21:06:22-08:00,0,23
global.js,63,js,b1a7edc2,Nomin Batjargal,2025-01-24,21:06:22,-08:00,2025-01-24T21:06:22-08:00,0,0
global.js,64,js,b1a7edc2,Nomin Batjargal,2025-01-24,21:06:22,-08:00,2025-01-24T21:06:22-08:00,0,0
global.js,65,js,b1a7edc2,Nomin Batjargal,2025-01-24,21:06:22,-08:00,2025-01-24T21:06:22-08:00,0,41
global.js,66,js,b1a7edc2,Nomin Batjargal,2025-01-24,21:06:22,-08:00,2025-01-24T21:06:22-08:00,0,0
global.js,67,js,b1a7edc2,Nomin Batjargal,2025-01-24,21:06:22,-08:00,2025-01-24T21:06:22-08:00,0,49
global.js,68,js,b1a7edc2,Nomin Batjargal,2025-01-24,21:06:22,-08:00,2025-01-24T21:06:22-08:00,0,22
global.js,69,js,b1a7edc2,Nomin Batjargal,2025-01-24,21:06:22,-08:00,2025-01-24T21:06:22-08:00,0,29
global.js,70,js,b1a7edc2,Nomin Batjargal,2025-01-24,21:06:22,-08:00,2025-01-24T21:06:22-08:00,0,27
global.js,71,js,b1a7edc2,Nomin Batjargal,2025-01-24,21:06:22,-08:00,2025-01-24T21:06:22-08:00,0,32
global.js,72,js,b1a7edc2,Nomin Batjargal,2025-01-24,21:06:22,-08:00,2025-01-24T21:06:22-08:00,0,44
global.js,73,js,b1a7edc2,Nomin Batjargal,2025-01-24,21:06:22,-08:00,2025-01-24T21:06:22-08:00,0,51
global.js,74,js,b1a7edc2,Nomin Batjargal,2025-01-24,21:06:22,-08:00,2025-01-24T21:06:22-08:00,0,0
global.js,75,js,b1a7edc2,Nomin Batjargal,2025-01-24,21:06:22,-08:00,2025-01-24T21:06:22-08:00,0,19
global.js,76,js,f19e8c3f,Nomin Batjargal,2025-01-31,21:09:47,-08:00,2025-01-31T21:09:47-08:00,0,2
global.js,77,js,f19e8c3f,Nomin Batjargal,2025-01-31,21:09:47,-08:00,2025-01-31T21:09:47-08:00,0,0
global.js,78,js,f19e8c3f,Nomin Batjargal,2025-01-31,21:09:47,-08:00,2025-01-31T21:09:47-08:00,0,37
global.js,79,js,f19e8c3f,Nomin Batjargal,2025-01-31,21:09:47,-08:00,2025-01-31T21:09:47-08:00,0,4
global.js,80,js,f19e8c3f,Nomin Batjargal,2025-01-31,21:09:47,-08:00,2025-01-31T21:09:47-08:00,0,40
global.js,81,js,f19e8c3f,Nomin Batjargal,2025-01-31,21:09:47,-08:00,2025-01-31T21:09:47-08:00,0,33
global.js,82,js,f19e8c3f,Nomin Batjargal,2025-01-31,21:09:47,-08:00,2025-01-31T21:09:47-08:00,0,20
global.js,83,js,f19e8c3f,Nomin Batjargal,2025-01-31,21:09:47,-08:00,2025-01-31T21:09:47-08:00,0,18
global.js,84,js,f19e8c3f,Nomin Batjargal,2025-01-31,21:09:47,-08:00,2025-01-31T21:09:47-08:00,0,67
global.js,85,js,f19e8c3f,Nomin Batjargal,2025-01-31,21:09:47,-08:00,2025-01-31T21:09:47-08:00,0,0
global.js,86,js,f19e8c3f,Nomin Batjargal,2025-01-31,21:09:47,-08:00,2025-01-31T21:09:47-08:00,0,34
global.js,87,js,f19e8c3f,Nomin Batjargal,2025-01-31,21:09:47,-08:00,2025-01-31T21:09:47-08:00,0,16
global.js,88,js,f19e8c3f,Nomin Batjargal,2025-01-31,21:09:47,-08:00,2025-01-31T21:09:47-08:00,0,11
global.js,89,js,f19e8c3f,Nomin Batjargal,2025-01-31,21:09:47,-08:00,2025-01-31T21:09:47-08:00,0,16
global.js,90,js,f19e8c3f,Nomin Batjargal,2025-01-31,21:09:47,-08:00,2025-01-31T21:09:47-08:00,0,60
global.js,91,js,f19e8c3f,Nomin Batjargal,2025-01-31,21:09:47,-08:00,2025-01-31T21:09:47-08:00,0,0
global.js,92,js,f19e8c3f,Nomin Batjargal,2025-01-31,21:09:47,-08:00,2025-01-31T21:09:47-08:00,0,0
global.js,93,js,f19e8c3f,Nomin Batjargal,2025-01-31,21:09:47,-08:00,2025-01-31T21:09:47-08:00,0,0
global.js,94,js,f19e8c3f,Nomin Batjargal,2025-01-31,21:09:47,-08:00,2025-01-31T21:09:47-08:00,0,80
global.js,95,js,f19e8c3f,Nomin Batjargal,2025-01-31,21:09:47,-08:00,2025-01-31T21:09:47-08:00,0,31
global.js,96,js,f19e8c3f,Nomin Batjargal,2025-01-31,21:09:47,-08:00,2025-01-31T21:09:47-08:00,0,30
global.js,97,js,f19e8c3f,Nomin Batjargal,2025-01-31,21:09:47,-08:00,2025-01-31T21:09:47-08:00,0,49
global.js,98,js,f19e8c3f,Nomin Batjargal,2025-01-31,21:09:47,-08:00,2025-01-31T21:09:47-08:00,0,20
global.js,99,js,88a7de43,Nomin Batjargal,2025-02-08,23:47:14,-08:00,2025-02-08T23:47:14-08:00,0,72
global.js,100,js,f19e8c3f,Nomin Batjargal,2025-01-31,21:09:47,-08:00,2025-01-31T21:09:47-08:00,0,50
global.js,101,js,71a0b874,Nomin Batjargal,2025-02-08,20:36:49,-08:00,2025-02-08T20:36:49-08:00,0,4
global.js,102,js,71a0b874,Nomin Batjargal,2025-02-08,20:36:49,-08:00,2025-02-08T20:36:49-08:00,0,28
global.js,103,js,71a0b874,Nomin Batjargal,2025-02-08,20:36:49,-08:00,2025-02-08T20:36:49-08:00,0,21
global.js,104,js,71a0b874,Nomin Batjargal,2025-02-08,20:36:49,-08:00,2025-02-08T20:36:49-08:00,0,7
global.js,105,js,f19e8c3f,Nomin Batjargal,2025-01-31,21:09:47,-08:00,2025-01-31T21:09:47-08:00,0,37
global.js,106,js,f19e8c3f,Nomin Batjargal,2025-01-31,21:09:47,-08:00,2025-01-31T21:09:47-08:00,0,0
global.js,107,js,f19e8c3f,Nomin Batjargal,2025-01-31,21:09:47,-08:00,2025-01-31T21:09:47-08:00,0,0
global.js,108,js,f19e8c3f,Nomin Batjargal,2025-01-31,21:09:47,-08:00,2025-01-31T21:09:47-08:00,0,0
global.js,109,js,f19e8c3f,Nomin Batjargal,2025-01-31,21:09:47,-08:00,2025-01-31T21:09:47-08:00,0,58
global.js,110,js,f19e8c3f,Nomin Batjargal,2025-01-31,21:09:47,-08:00,2025-01-31T21:09:47-08:00,0,60
global.js,111,js,f19e8c3f,Nomin Batjargal,2025-01-31,21:09:47,-08:00,2025-01-31T21:09:47-08:00,0,0
global.js,112,js,f19e8c3f,Nomin Batjargal,2025-01-31,21:09:47,-08:00,2025-01-31T21:09:47-08:00,0,0
global.js,113,js,f19e8c3f,Nomin Batjargal,2025-01-31,21:09:47,-08:00,2025-01-31T21:09:47-08:00,0,48
global.js,114,js,f19e8c3f,Nomin Batjargal,2025-01-31,21:09:47,-08:00,2025-01-31T21:09:47-08:00,0,60
global.js,115,js,f19e8c3f,Nomin Batjargal,2025-01-31,21:09:47,-08:00,2025-01-31T21:09:47-08:00,0,0
resume/index.html,1,html,765a2b6c,Nomin Batjargal,2025-01-10,00:20:39,-08:00,2025-01-10T00:20:39-08:00,0,14
resume/index.html,2,html,765a2b6c,Nomin Batjargal,2025-01-10,00:20:39,-08:00,2025-01-10T00:20:39-08:00,0,15
resume/index.html,3,html,765a2b6c,Nomin Batjargal,2025-01-10,00:20:39,-08:00,2025-01-10T00:20:39-08:00,0,5
resume/index.html,4,html,765a2b6c,Nomin Batjargal,2025-01-10,00:20:39,-08:00,2025-01-10T00:20:39-08:00,0,21
resume/index.html,5,html,765a2b6c,Nomin Batjargal,2025-01-10,00:20:39,-08:00,2025-01-10T00:20:39-08:00,0,69
resume/index.html,6,html,91074c12,Nomin Batjargal,2025-01-17,22:13:04,-08:00,2025-01-17T22:13:04-08:00,0,20
resume/index.html,7,html,91074c12,Nomin Batjargal,2025-01-17,22:13:04,-08:00,2025-01-17T22:13:04-08:00,0,42
resume/index.html,8,html,b1a7edc2,Nomin Batjargal,2025-01-24,21:06:22,-08:00,2025-01-24T21:06:22-08:00,0,49
resume/index.html,9,html,765a2b6c,Nomin Batjargal,2025-01-10,00:20:39,-08:00,2025-01-10T00:20:39-08:00,0,6
resume/index.html,10,html,765a2b6c,Nomin Batjargal,2025-01-10,00:20:39,-08:00,2025-01-10T00:20:39-08:00,0,5
resume/index.html,11,html,f19e8c3f,Nomin Batjargal,2025-01-31,21:09:47,-08:00,2025-01-31T21:09:47-08:00,0,19
resume/index.html,12,html,f19e8c3f,Nomin Batjargal,2025-01-31,21:09:47,-08:00,2025-01-31T21:09:47-08:00,0,23
resume/index.html,13,html,f19e8c3f,Nomin Batjargal,2025-01-31,21:09:47,-08:00,2025-01-31T21:09:47-08:00,0,8
resume/index.html,14,html,f19e8c3f,Nomin Batjargal,2025-01-31,21:09:47,-08:00,2025-01-31T21:09:47-08:00,0,32
resume/index.html,15,html,f19e8c3f,Nomin Batjargal,2025-01-31,21:09:47,-08:00,2025-01-31T21:09:47-08:00,0,225
resume/index.html,16,html,f19e8c3f,Nomin Batjargal,2025-01-31,21:09:47,-08:00,2025-01-31T21:09:47-08:00,0,9
resume/index.html,17,html,f19e8c3f,Nomin Batjargal,2025-01-31,21:09:47,-08:00,2025-01-31T21:09:47-08:00,0,8
resume/index.html,18,html,f19e8c3f,Nomin Batjargal,2025-01-31,21:09:47,-08:00,2025-01-31T21:09:47-08:00,0,34
resume/index.html,19,html,f19e8c3f,Nomin Batjargal,2025-01-31,21:09:47,-08:00,2025-01-31T21:09:47-08:00,0,22
resume/index.html,20,html,f19e8c3f,Nomin Batjargal,2025-01-31,21:09:47,-08:00,2025-01-31T21:09:47-08:00,0,45
resume/index.html,21,html,f19e8c3f,Nomin Batjargal,2025-01-31,21:09:47,-08:00,2025-01-31T21:09:47-08:00,0,4
resume/index.html,22,html,f19e8c3f,Nomin Batjargal,2025-01-31,21:09:47,-08:00,2025-01-31T21:09:47-08:00,0,20
resume/index.html,23,html,f19e8c3f,Nomin Batjargal,2025-01-31,21:09:47,-08:00,2025-01-31T21:09:47-08:00,0,39
resume/index.html,24,html,f19e8c3f,Nomin Batjargal,2025-01-31,21:09:47,-08:00,2025-01-31T21:09:47-08:00,0,33
resume/index.html,25,html,f19e8c3f,Nomin Batjargal,2025-01-31,21:09:47,-08:00,2025-01-31T21:09:47-08:00,0,3
resume/index.html,26,html,f19e8c3f,Nomin Batjargal,2025-01-31,21:09:47,-08:00,2025-01-31T21:09:47-08:00,0,126
resume/index.html,27,html,f19e8c3f,Nomin Batjargal,2025-01-31,21:09:47,-08:00,2025-01-31T21:09:47-08:00,0,4
resume/index.html,28,html,f19e8c3f,Nomin Batjargal,2025-01-31,21:09:47,-08:00,2025-01-31T21:09:47-08:00,0,5
resume/index.html,29,html,6cbdd3ea,Nomin Batjargal,2025-01-18,22:05:06,-08:00,2025-01-18T22:05:06-08:00,0,5
resume/index.html,30,html,f19e8c3f,Nomin Batjargal,2025-01-31,21:09:47,-08:00,2025-01-31T21:09:47-08:00,0,9
resume/index.html,31,html,f19e8c3f,Nomin Batjargal,2025-01-31,21:09:47,-08:00,2025-01-31T21:09:47-08:00,0,8
resume/index.html,32,html,f19e8c3f,Nomin Batjargal,2025-01-31,21:09:47,-08:00,2025-01-31T21:09:47-08:00,0,31
resume/index.html,33,html,f19e8c3f,Nomin Batjargal,2025-01-31,21:09:47,-08:00,2025-01-31T21:09:47-08:00,0,3
resume/index.html,34,html,f19e8c3f,Nomin Batjargal,2025-01-31,21:09:47,-08:00,2025-01-31T21:09:47-08:00,0,81
resume/index.html,35,html,f19e8c3f,Nomin Batjargal,2025-01-31,21:09:47,-08:00,2025-01-31T21:09:47-08:00,0,48
resume/index.html,36,html,f19e8c3f,Nomin Batjargal,2025-01-31,21:09:47,-08:00,2025-01-31T21:09:47-08:00,0,59
resume/index.html,37,html,f19e8c3f,Nomin Batjargal,2025-01-31,21:09:47,-08:00,2025-01-31T21:09:47-08:00,0,46
resume/index.html,38,html,f19e8c3f,Nomin Batjargal,2025-01-31,21:09:47,-08:00,2025-01-31T21:09:47-08:00,0,60
resume/index.html,39,html,f19e8c3f,Nomin Batjargal,2025-01-31,21:09:47,-08:00,2025-01-31T21:09:47-08:00,0,33
resume/index.html,40,html,f19e8c3f,Nomin Batjargal,2025-01-31,21:09:47,-08:00,2025-01-31T21:09:47-08:00,0,20
resume/index.html,41,html,f19e8c3f,Nomin Batjargal,2025-01-31,21:09:47,-08:00,2025-01-31T21:09:47-08:00,0,56
resume/index.html,42,html,f19e8c3f,Nomin Batjargal,2025-01-31,21:09:47,-08:00,2025-01-31T21:09:47-08:00,0,4
resume/index.html,43,html,f19e8c3f,Nomin Batjargal,2025-01-31,21:09:47,-08:00,2025-01-31T21:09:47-08:00,0,9
resume/index.html,44,html,f19e8c3f,Nomin Batjargal,2025-01-31,21:09:47,-08:00,2025-01-31T21:09:47-08:00,0,8
resume/index.html,45,html,f19e8c3f,Nomin Batjargal,2025-01-31,21:09:47,-08:00,2025-01-31T21:09:47-08:00,0,35
resume/index.html,46,html,f19e8c3f,Nomin Batjargal,2025-01-31,21:09:47,-08:00,2025-01-31T21:09:47-08:00,0,22
resume/index.html,47,html,f19e8c3f,Nomin Batjargal,2025-01-31,21:09:47,-08:00,2025-01-31T21:09:47-08:00,0,71
resume/index.html,48,html,f19e8c3f,Nomin Batjargal,2025-01-31,21:09:47,-08:00,2025-01-31T21:09:47-08:00,0,4
resume/index.html,49,html,f19e8c3f,Nomin Batjargal,2025-01-31,21:09:47,-08:00,2025-01-31T21:09:47-08:00,0,27
resume/index.html,50,html,f19e8c3f,Nomin Batjargal,2025-01-31,21:09:47,-08:00,2025-01-31T21:09:47-08:00,0,18
resume/index.html,51,html,f19e8c3f,Nomin Batjargal,2025-01-31,21:09:47,-08:00,2025-01-31T21:09:47-08:00,0,40
resume/index.html,52,html,f19e8c3f,Nomin Batjargal,2025-01-31,21:09:47,-08:00,2025-01-31T21:09:47-08:00,0,3
resume/index.html,53,html,f19e8c3f,Nomin Batjargal,2025-01-31,21:09:47,-08:00,2025-01-31T21:09:47-08:00,0,124
resume/index.html,54,html,f19e8c3f,Nomin Batjargal,2025-01-31,21:09:47,-08:00,2025-01-31T21:09:47-08:00,0,219
resume/index.html,55,html,f19e8c3f,Nomin Batjargal,2025-01-31,21:09:47,-08:00,2025-01-31T21:09:47-08:00,0,168
resume/index.html,56,html,f19e8c3f,Nomin Batjargal,2025-01-31,21:09:47,-08:00,2025-01-31T21:09:47-08:00,0,184
resume/index.html,57,html,f19e8c3f,Nomin Batjargal,2025-01-31,21:09:47,-08:00,2025-01-31T21:09:47-08:00,0,4
resume/index.html,58,html,f19e8c3f,Nomin Batjargal,2025-01-31,21:09:47,-08:00,2025-01-31T21:09:47-08:00,0,5
resume/index.html,59,html,6cbdd3ea,Nomin Batjargal,2025-01-18,22:05:06,-08:00,2025-01-18T22:05:06-08:00,0,5
resume/index.html,60,html,6cbdd3ea,Nomin Batjargal,2025-01-18,22:05:06,-08:00,2025-01-18T22:05:06-08:00,0,0
resume/index.html,61,html,f19e8c3f,Nomin Batjargal,2025-01-31,21:09:47,-08:00,2025-01-31T21:09:47-08:00,0,22
resume/index.html,62,html,f19e8c3f,Nomin Batjargal,2025-01-31,21:09:47,-08:00,2025-01-31T21:09:47-08:00,0,71
resume/index.html,63,html,f19e8c3f,Nomin Batjargal,2025-01-31,21:09:47,-08:00,2025-01-31T21:09:47-08:00,0,4
resume/index.html,64,html,f19e8c3f,Nomin Batjargal,2025-01-31,21:09:47,-08:00,2025-01-31T21:09:47-08:00,0,24
resume/index.html,65,html,f19e8c3f,Nomin Batjargal,2025-01-31,21:09:47,-08:00,2025-01-31T21:09:47-08:00,0,18
resume/index.html,66,html,f19e8c3f,Nomin Batjargal,2025-01-31,21:09:47,-08:00,2025-01-31T21:09:47-08:00,0,34
resume/index.html,67,html,f19e8c3f,Nomin Batjargal,2025-01-31,21:09:47,-08:00,2025-01-31T21:09:47-08:00,0,3
resume/index.html,68,html,f19e8c3f,Nomin Batjargal,2025-01-31,21:09:47,-08:00,2025-01-31T21:09:47-08:00,0,113
resume/index.html,69,html,f19e8c3f,Nomin Batjargal,2025-01-31,21:09:47,-08:00,2025-01-31T21:09:47-08:00,0,43
resume/index.html,70,html,f19e8c3f,Nomin Batjargal,2025-01-31,21:09:47,-08:00,2025-01-31T21:09:47-08:00,0,88
resume/index.html,71,html,f19e8c3f,Nomin Batjargal,2025-01-31,21:09:47,-08:00,2025-01-31T21:09:47-08:00,0,64
resume/index.html,72,html,f19e8c3f,Nomin Batjargal,2025-01-31,21:09:47,-08:00,2025-01-31T21:09:47-08:00,0,85
resume/index.html,73,html,f19e8c3f,Nomin Batjargal,2025-01-31,21:09:47,-08:00,2025-01-31T21:09:47-08:00,0,4
resume/index.html,74,html,f19e8c3f,Nomin Batjargal,2025-01-31,21:09:47,-08:00,2025-01-31T21:09:47-08:00,0,5
resume/index.html,75,html,6cbdd3ea,Nomin Batjargal,2025-01-18,22:05:06,-08:00,2025-01-18T22:05:06-08:00,0,5
resume/index.html,76,html,f19e8c3f,Nomin Batjargal,2025-01-31,21:09:47,-08:00,2025-01-31T21:09:47-08:00,0,0
resume/index.html,77,html,f19e8c3f,Nomin Batjargal,2025-01-31,21:09:47,-08:00,2025-01-31T21:09:47-08:00,0,9
resume/index.html,78,html,f19e8c3f,Nomin Batjargal,2025-01-31,21:09:47,-08:00,2025-01-31T21:09:47-08:00,0,8
resume/index.html,79,html,f19e8c3f,Nomin Batjargal,2025-01-31,21:09:47,-08:00,2025-01-31T21:09:47-08:00,0,47
resume/index.html,80,html,f19e8c3f,Nomin Batjargal,2025-01-31,21:09:47,-08:00,2025-01-31T21:09:47-08:00,0,3
resume/index.html,81,html,f19e8c3f,Nomin Batjargal,2025-01-31,21:09:47,-08:00,2025-01-31T21:09:47-08:00,0,37
resume/index.html,82,html,f19e8c3f,Nomin Batjargal,2025-01-31,21:09:47,-08:00,2025-01-31T21:09:47-08:00,0,17
resume/index.html,83,html,f19e8c3f,Nomin Batjargal,2025-01-31,21:09:47,-08:00,2025-01-31T21:09:47-08:00,0,14
resume/index.html,84,html,f19e8c3f,Nomin Batjargal,2025-01-31,21:09:47,-08:00,2025-01-31T21:09:47-08:00,0,35
resume/index.html,85,html,f19e8c3f,Nomin Batjargal,2025-01-31,21:09:47,-08:00,2025-01-31T21:09:47-08:00,0,31
resume/index.html,86,html,f19e8c3f,Nomin Batjargal,2025-01-31,21:09:47,-08:00,2025-01-31T21:09:47-08:00,0,68
resume/index.html,87,html,f19e8c3f,Nomin Batjargal,2025-01-31,21:09:47,-08:00,2025-01-31T21:09:47-08:00,0,4
resume/index.html,88,html,f19e8c3f,Nomin Batjargal,2025-01-31,21:09:47,-08:00,2025-01-31T21:09:47-08:00,0,9
resume/index.html,89,html,f19e8c3f,Nomin Batjargal,2025-01-31,21:09:47,-08:00,2025-01-31T21:09:47-08:00,0,5
resume/index.html,90,html,765a2b6c,Nomin Batjargal,2025-01-10,00:20:39,-08:00,2025-01-10T00:20:39-08:00,0,6
resume/index.html,91,html,765a2b6c,Nomin Batjargal,2025-01-10,00:20:39,-08:00,2025-01-10T00:20:39-08:00,0,6
projects/projects.js,1,js,f19e8c3f,Nomin Batjargal,2025-01-31,21:09:47,-08:00,2025-01-31T21:09:47-08:00,0,70
projects/projects.js,2,js,71a0b874,Nomin Batjargal,2025-02-08,20:36:49,-08:00,2025-02-08T20:36:49-08:00,0,0
projects/projects.js,3,js,f19e8c3f,Nomin Batjargal,2025-01-31,21:09:47,-08:00,2025-01-31T21:09:47-08:00,0,56
projects/projects.js,4,js,f19e8c3f,Nomin Batjargal,2025-01-31,21:09:47,-08:00,2025-01-31T21:09:47-08:00,0,61
projects/projects.js,5,js,f19e8c3f,Nomin Batjargal,2025-01-31,21:09:47,-08:00,2025-01-31T21:09:47-08:00,0,49
projects/projects.js,6,js,f19e8c3f,Nomin Batjargal,2025-01-31,21:09:47,-08:00,2025-01-31T21:09:47-08:00,0,72
projects/projects.js,7,js,71a0b874,Nomin Batjargal,2025-02-08,20:36:49,-08:00,2025-02-08T20:36:49-08:00,0,47
projects/projects.js,8,js,71a0b874,Nomin Batjargal,2025-02-08,20:36:49,-08:00,2025-02-08T20:36:49-08:00,0,0
projects/projects.js,9,js,71a0b874,Nomin Batjargal,2025-02-08,20:36:49,-08:00,2025-02-08T20:36:49-08:00,0,64
projects/projects.js,10,js,71a0b874,Nomin Batjargal,2025-02-08,20:36:49,-08:00,2025-02-08T20:36:49-08:00,0,0
projects/projects.js,11,js,71a0b874,Nomin Batjargal,2025-02-08,20:36:49,-08:00,2025-02-08T20:36:49-08:00,0,41
projects/projects.js,12,js,71a0b874,Nomin Batjargal,2025-02-08,20:36:49,-08:00,2025-02-08T20:36:49-08:00,0,39
projects/projects.js,13,js,71a0b874,Nomin Batjargal,2025-02-08,20:36:49,-08:00,2025-02-08T20:36:49-08:00,0,58
projects/projects.js,14,js,71a0b874,Nomin Batjargal,2025-02-08,20:36:49,-08:00,2025-02-08T20:36:49-08:00,0,26
projects/projects.js,15,js,71a0b874,Nomin Batjargal,2025-02-08,20:36:49,-08:00,2025-02-08T20:36:49-08:00,0,30
projects/projects.js,16,js,71a0b874,Nomin Batjargal,2025-02-08,20:36:49,-08:00,2025-02-08T20:36:49-08:00,0,13
projects/projects.js,17,js,71a0b874,Nomin Batjargal,2025-02-08,20:36:49,-08:00,2025-02-08T20:36:49-08:00,0,15
projects/projects.js,18,js,71a0b874,Nomin Batjargal,2025-02-08,20:36:49,-08:00,2025-02-08T20:36:49-08:00,0,13
projects/projects.js,19,js,71a0b874,Nomin Batjargal,2025-02-08,20:36:49,-08:00,2025-02-08T20:36:49-08:00,0,1
projects/projects.js,20,js,71a0b874,Nomin Batjargal,2025-02-08,20:36:49,-08:00,2025-02-08T20:36:49-08:00,0,19
projects/projects.js,21,js,71a0b874,Nomin Batjargal,2025-02-08,20:36:49,-08:00,2025-02-08T20:36:49-08:00,0,51
projects/projects.js,22,js,71a0b874,Nomin Batjargal,2025-02-08,20:36:49,-08:00,2025-02-08T20:36:49-08:00,0,36
projects/projects.js,23,js,71a0b874,Nomin Batjargal,2025-02-08,20:36:49,-08:00,2025-02-08T20:36:49-08:00,0,2
projects/projects.js,24,js,71a0b874,Nomin Batjargal,2025-02-08,20:36:49,-08:00,2025-02-08T20:36:49-08:00,0,51
projects/projects.js,25,js,71a0b874,Nomin Batjargal,2025-02-08,20:36:49,-08:00,2025-02-08T20:36:49-08:00,0,54
projects/projects.js,26,js,71a0b874,Nomin Batjargal,2025-02-08,20:36:49,-08:00,2025-02-08T20:36:49-08:00,0,43
projects/projects.js,27,js,71a0b874,Nomin Batjargal,2025-02-08,20:36:49,-08:00,2025-02-08T20:36:49-08:00,0,52
projects/projects.js,28,js,71a0b874,Nomin Batjargal,2025-02-08,20:36:49,-08:00,2025-02-08T20:36:49-08:00,0,0
projects/projects.js,29,js,71a0b874,Nomin Batjargal,2025-02-08,20:36:49,-08:00,2025-02-08T20:36:49-08:00,0,28
projects/projects.js,30,js,eb614b35,Nomin Batjargal,2025-02-08,21:47:55,-08:00,2025-02-08T21:47:55-08:00,0,0
projects/projects.js,31,js,eb614b35,Nomin Batjargal,2025-02-08,21:47:55,-08:00,2025-02-08T21:47:55-08:00,0,22
projects/projects.js,32,js,eb614b35,Nomin Batjargal,2025-02-08,21:47:55,-08:00,2025-02-08T21:47:55-08:00,0,0
projects/projects.js,33,js,71a0b874,Nomin Batjargal,2025-02-08,20:36:49,-08:00,2025-02-08T20:36:49-08:00,0,29
projects/projects.js,34,js,71a0b874,Nomin Batjargal,2025-02-08,20:36:49,-08:00,2025-02-08T20:36:49-08:00,0,33
projects/projects.js,35,js,71a0b874,Nomin Batjargal,2025-02-08,20:36:49,-08:00,2025-02-08T20:36:49-08:00,0,0
projects/projects.js,36,js,71a0b874,Nomin Batjargal,2025-02-08,20:36:49,-08:00,2025-02-08T20:36:49-08:00,0,48
projects/projects.js,37,js,71a0b874,Nomin Batjargal,2025-02-08,20:36:49,-08:00,2025-02-08T20:36:49-08:00,0,0
projects/projects.js,38,js,71a0b874,Nomin Batjargal,2025-02-08,20:36:49,-08:00,2025-02-08T20:36:49-08:00,0,54
projects/projects.js,39,js,71a0b874,Nomin Batjargal,2025-02-08,20:36:49,-08:00,2025-02-08T20:36:49-08:00,0,30
projects/projects.js,40,js,71a0b874,Nomin Batjargal,2025-02-08,20:36:49,-08:00,2025-02-08T20:36:49-08:00,0,5
projects/projects.js,41,js,71a0b874,Nomin Batjargal,2025-02-08,20:36:49,-08:00,2025-02-08T20:36:49-08:00,0,14
projects/projects.js,42,js,71a0b874,Nomin Batjargal,2025-02-08,20:36:49,-08:00,2025-02-08T20:36:49-08:00,0,14
projects/projects.js,43,js,71a0b874,Nomin Batjargal,2025-02-08,20:36:49,-08:00,2025-02-08T20:36:49-08:00,0,98
projects/projects.js,44,js,eb614b35,Nomin Batjargal,2025-02-08,21:47:55,-08:00,2025-02-08T21:47:55-08:00,0,19
projects/projects.js,45,js,eb614b35,Nomin Batjargal,2025-02-08,21:47:55,-08:00,2025-02-08T21:47:55-08:00,0,48
projects/projects.js,46,js,eb614b35,Nomin Batjargal,2025-02-08,21:47:55,-08:00,2025-02-08T21:47:55-08:00,0,5
projects/projects.js,47,js,eb614b35,Nomin Batjargal,2025-02-08,21:47:55,-08:00,2025-02-08T21:47:55-08:00,0,17
projects/projects.js,48,js,eb614b35,Nomin Batjargal,2025-02-08,21:47:55,-08:00,2025-02-08T21:47:55-08:00,0,27
projects/projects.js,49,js,eb614b35,Nomin Batjargal,2025-02-08,21:47:55,-08:00,2025-02-08T21:47:55-08:00,0,63
projects/projects.js,50,js,eb614b35,Nomin Batjargal,2025-02-08,21:47:55,-08:00,2025-02-08T21:47:55-08:00,0,46
projects/projects.js,51,js,eb614b35,Nomin Batjargal,2025-02-08,21:47:55,-08:00,2025-02-08T21:47:55-08:00,0,2
projects/projects.js,52,js,eb614b35,Nomin Batjargal,2025-02-08,21:47:55,-08:00,2025-02-08T21:47:55-08:00,0,0
projects/projects.js,53,js,eb614b35,Nomin Batjargal,2025-02-08,21:47:55,-08:00,2025-02-08T21:47:55-08:00,0,5
projects/projects.js,54,js,eb614b35,Nomin Batjargal,2025-02-08,21:47:55,-08:00,2025-02-08T21:47:55-08:00,0,15
projects/projects.js,55,js,eb614b35,Nomin Batjargal,2025-02-08,21:47:55,-08:00,2025-02-08T21:47:55-08:00,0,27
projects/projects.js,56,js,eb614b35,Nomin Batjargal,2025-02-08,21:47:55,-08:00,2025-02-08T21:47:55-08:00,0,60
projects/projects.js,57,js,eb614b35,Nomin Batjargal,2025-02-08,21:47:55,-08:00,2025-02-08T21:47:55-08:00,0,59
projects/projects.js,58,js,eb614b35,Nomin Batjargal,2025-02-08,21:47:55,-08:00,2025-02-08T21:47:55-08:00,0,2
projects/projects.js,59,js,eb614b35,Nomin Batjargal,2025-02-08,21:47:55,-08:00,2025-02-08T21:47:55-08:00,0,0
projects/projects.js,60,js,eb614b35,Nomin Batjargal,2025-02-08,21:47:55,-08:00,2025-02-08T21:47:55-08:00,0,26
projects/projects.js,61,js,eb614b35,Nomin Batjargal,2025-02-08,21:47:55,-08:00,2025-02-08T21:47:55-08:00,0,54
projects/projects.js,62,js,eb614b35,Nomin Batjargal,2025-02-08,21:47:55,-08:00,2025-02-08T21:47:55-08:00,0,0
projects/projects.js,63,js,eb614b35,Nomin Batjargal,2025-02-08,21:47:55,-08:00,2025-02-08T21:47:55-08:00,0,5
projects/projects.js,64,js,eb614b35,Nomin Batjargal,2025-02-08,21:47:55,-08:00,2025-02-08T21:47:55-08:00,0,47
projects/projects.js,65,js,eb614b35,Nomin Batjargal,2025-02-08,21:47:55,-08:00,2025-02-08T21:47:55-08:00,0,101
projects/projects.js,66,js,eb614b35,Nomin Batjargal,2025-02-08,21:47:55,-08:00,2025-02-08T21:47:55-08:00,0,57
projects/projects.js,67,js,eb614b35,Nomin Batjargal,2025-02-08,21:47:55,-08:00,2025-02-08T21:47:55-08:00,0,0
projects/projects.js,68,js,eb614b35,Nomin Batjargal,2025-02-08,21:47:55,-08:00,2025-02-08T21:47:55-08:00,0,2
projects/projects.js,69,js,71a0b874,Nomin Batjargal,2025-02-08,20:36:49,-08:00,2025-02-08T20:36:49-08:00,0,1
projects/projects.js,70,js,71a0b874,Nomin Batjargal,2025-02-08,20:36:49,-08:00,2025-02-08T20:36:49-08:00,0,0
projects/projects.js,71,js,eb614b35,Nomin Batjargal,2025-02-08,21:47:55,-08:00,2025-02-08T21:47:55-08:00,0,33
projects/projects.js,72,js,eb614b35,Nomin Batjargal,2025-02-08,21:47:55,-08:00,2025-02-08T21:47:55-08:00,0,31
projects/projects.js,73,js,eb614b35,Nomin Batjargal,2025-02-08,21:47:55,-08:00,2025-02-08T21:47:55-08:00,0,0
projects/projects.js,74,js,71a0b874,Nomin Batjargal,2025-02-08,20:36:49,-08:00,2025-02-08T20:36:49-08:00,0,28
projects/projects.js,75,js,71a0b874,Nomin Batjargal,2025-02-08,20:36:49,-08:00,2025-02-08T20:36:49-08:00,0,18
projects/projects.js,76,js,71a0b874,Nomin Batjargal,2025-02-08,20:36:49,-08:00,2025-02-08T20:36:49-08:00,0,94
projects/projects.js,77,js,71a0b874,Nomin Batjargal,2025-02-08,20:36:49,-08:00,2025-02-08T20:36:49-08:00,0,23
projects/projects.js,78,js,71a0b874,Nomin Batjargal,2025-02-08,20:36:49,-08:00,2025-02-08T20:36:49-08:00,0,100
projects/projects.js,79,js,71a0b874,Nomin Batjargal,2025-02-08,20:36:49,-08:00,2025-02-08T20:36:49-08:00,0,1
projects/projects.js,80,js,71a0b874,Nomin Batjargal,2025-02-08,20:36:49,-08:00,2025-02-08T20:36:49-08:00,0,0
projects/projects.js,81,js,71a0b874,Nomin Batjargal,2025-02-08,20:36:49,-08:00,2025-02-08T20:36:49-08:00,0,0
projects/projects.js,82,js,71a0b874,Nomin Batjargal,2025-02-08,20:36:49,-08:00,2025-02-08T20:36:49-08:00,0,33
projects/projects.js,83,js,71a0b874,Nomin Batjargal,2025-02-08,20:36:49,-08:00,2025-02-08T20:36:49-08:00,0,24
projects/projects.js,84,js,71a0b874,Nomin Batjargal,2025-02-08,20:36:49,-08:00,2025-02-08T20:36:49-08:00,0,0
projects/projects.js,85,js,71a0b874,Nomin Batjargal,2025-02-08,20:36:49,-08:00,2025-02-08T20:36:49-08:00,0,25
projects/projects.js,86,js,71a0b874,Nomin Batjargal,2025-02-08,20:36:49,-08:00,2025-02-08T20:36:49-08:00,0,36
projects/projects.js,87,js,71a0b874,Nomin Batjargal,2025-02-08,20:36:49,-08:00,2025-02-08T20:36:49-08:00,0,60
projects/projects.js,88,js,71a0b874,Nomin Batjargal,2025-02-08,20:36:49,-08:00,2025-02-08T20:36:49-08:00,0,42
projects/projects.js,89,js,71a0b874,Nomin Batjargal,2025-02-08,20:36:49,-08:00,2025-02-08T20:36:49-08:00,0,2
projects/projects.js,90,js,71a0b874,Nomin Batjargal,2025-02-08,20:36:49,-08:00,2025-02-08T20:36:49-08:00,0,0
projects/projects.js,91,js,71a0b874,Nomin Batjargal,2025-02-08,20:36:49,-08:00,2025-02-08T20:36:49-08:00,0,0
projects/projects.js,92,js,71a0b874,Nomin Batjargal,2025-02-08,20:36:49,-08:00,2025-02-08T20:36:49-08:00,0,54
projects/projects.js,93,js,71a0b874,Nomin Batjargal,2025-02-08,20:36:49,-08:00,2025-02-08T20:36:49-08:00,0,0
projects/projects.js,94,js,71a0b874,Nomin Batjargal,2025-02-08,20:36:49,-08:00,2025-02-08T20:36:49-08:00,0,49
projects/projects.js,95,js,71a0b874,Nomin Batjargal,2025-02-08,20:36:49,-08:00,2025-02-08T20:36:49-08:00,0,51
projects/projects.js,96,js,71a0b874,Nomin Batjargal,2025-02-08,20:36:49,-08:00,2025-02-08T20:36:49-08:00,0,53
projects/projects.js,97,js,71a0b874,Nomin Batjargal,2025-02-08,20:36:49,-08:00,2025-02-08T20:36:49-08:00,0,57
projects/projects.js,98,js,71a0b874,Nomin Batjargal,2025-02-08,20:36:49,-08:00,2025-02-08T20:36:49-08:00,0,32
projects/projects.js,99,js,71a0b874,Nomin Batjargal,2025-02-08,20:36:49,-08:00,2025-02-08T20:36:49-08:00,0,2
projects/index.html,1,html,765a2b6c,Nomin Batjargal,2025-01-10,00:20:39,-08:00,2025-01-10T00:20:39-08:00,0,14
projects/index.html,2,html,765a2b6c,Nomin Batjargal,2025-01-10,00:20:39,-08:00,2025-01-10T00:20:39-08:00,0,15
projects/index.html,3,html,765a2b6c,Nomin Batjargal,2025-01-10,00:20:39,-08:00,2025-01-10T00:20:39-08:00,0,5
projects/index.html,4,html,765a2b6c,Nomin Batjargal,2025-01-10,00:20:39,-08:00,2025-01-10T00:20:39-08:00,0,21
projects/index.html,5,html,765a2b6c,Nomin Batjargal,2025-01-10,00:20:39,-08:00,2025-01-10T00:20:39-08:00,0,69
projects/index.html,6,html,91074c12,Nomin Batjargal,2025-01-17,22:13:04,-08:00,2025-01-17T22:13:04-08:00,0,22
projects/index.html,7,html,91074c12,Nomin Batjargal,2025-01-17,22:13:04,-08:00,2025-01-17T22:13:04-08:00,0,42
projects/index.html,8,html,f19e8c3f,Nomin Batjargal,2025-01-31,21:09:47,-08:00,2025-01-31T21:09:47-08:00,0,49
projects/index.html,9,html,f19e8c3f,Nomin Batjargal,2025-01-31,21:09:47,-08:00,2025-01-31T21:09:47-08:00,0,48
projects/index.html,10,html,765a2b6c,Nomin Batjargal,2025-01-10,00:20:39,-08:00,2025-01-10T00:20:39-08:00,0,6
projects/index.html,11,html,765a2b6c,Nomin Batjargal,2025-01-10,00:20:39,-08:00,2025-01-10T00:20:39-08:00,0,5
projects/index.html,12,html,f19e8c3f,Nomin Batjargal,2025-01-31,21:09:47,-08:00,2025-01-31T21:09:47-08:00,0,31
projects/index.html,13,html,71a0b874,Nomin Batjargal,2025-02-08,20:36:49,-08:00,2025-02-08T20:36:49-08:00,0,22
projects/index.html,14,html,71a0b874,Nomin Batjargal,2025-02-08,20:36:49,-08:00,2025-02-08T20:36:49-08:00,0,59
projects/index.html,15,html,71a0b874,Nomin Batjargal,2025-02-08,20:36:49,-08:00,2025-02-08T20:36:49-08:00,0,23
projects/index.html,16,html,71a0b874,Nomin Batjargal,2025-02-08,20:36:49,-08:00,2025-02-08T20:36:49-08:00,0,5
projects/index.html,17,html,71a0b874,Nomin Batjargal,2025-02-08,20:36:49,-08:00,2025-02-08T20:36:49-08:00,0,5
projects/index.html,18,html,71a0b874,Nomin Batjargal,2025-02-08,20:36:49,-08:00,2025-02-08T20:36:49-08:00,0,16
projects/index.html,19,html,71a0b874,Nomin Batjargal,2025-02-08,20:36:49,-08:00,2025-02-08T20:36:49-08:00,0,12
projects/index.html,20,html,71a0b874,Nomin Batjargal,2025-02-08,20:36:49,-08:00,2025-02-08T20:36:49-08:00,0,27
projects/index.html,21,html,71a0b874,Nomin Batjargal,2025-02-08,20:36:49,-08:00,2025-02-08T20:36:49-08:00,0,32
projects/index.html,22,html,71a0b874,Nomin Batjargal,2025-02-08,20:36:49,-08:00,2025-02-08T20:36:49-08:00,0,1
projects/index.html,23,html,f19e8c3f,Nomin Batjargal,2025-01-31,21:09:47,-08:00,2025-01-31T21:09:47-08:00,0,27
projects/index.html,24,html,765a2b6c,Nomin Batjargal,2025-01-10,00:20:39,-08:00,2025-01-10T00:20:39-08:00,0,6
projects/index.html,25,html,765a2b6c,Nomin Batjargal,2025-01-10,00:20:39,-08:00,2025-01-10T00:20:39-08:00,0,6
meta/index.html,1,html,3cb07d79,Nomin Batjargal,2025-02-12,11:12:56,-08:00,2025-02-12T11:12:56-08:00,0,14
meta/index.html,2,html,3cb07d79,Nomin Batjargal,2025-02-12,11:12:56,-08:00,2025-02-12T11:12:56-08:00,0,15
meta/index.html,3,html,3cb07d79,Nomin Batjargal,2025-02-12,11:12:56,-08:00,2025-02-12T11:12:56-08:00,0,5
meta/index.html,4,html,3cb07d79,Nomin Batjargal,2025-02-12,11:12:56,-08:00,2025-02-12T11:12:56-08:00,0,21
meta/index.html,5,html,3cb07d79,Nomin Batjargal,2025-02-12,11:12:56,-08:00,2025-02-12T11:12:56-08:00,0,69
meta/index.html,6,html,3cb07d79,Nomin Batjargal,2025-02-12,11:12:56,-08:00,2025-02-12T11:12:56-08:00,0,22
meta/index.html,7,html,3cb07d79,Nomin Batjargal,2025-02-12,11:12:56,-08:00,2025-02-12T11:12:56-08:00,0,42
meta/index.html,8,html,3cb07d79,Nomin Batjargal,2025-02-12,11:12:56,-08:00,2025-02-12T11:12:56-08:00,0,49
meta/index.html,9,html,3cb07d79,Nomin Batjargal,2025-02-12,11:12:56,-08:00,2025-02-12T11:12:56-08:00,0,6
meta/index.html,10,html,3cb07d79,Nomin Batjargal,2025-02-12,11:12:56,-08:00,2025-02-12T11:12:56-08:00,0,5
meta/index.html,11,html,3cb07d79,Nomin Batjargal,2025-02-12,11:12:56,-08:00,2025-02-12T11:12:56-08:00,0,12
meta/index.html,12,html,3cb07d79,Nomin Batjargal,2025-02-12,11:12:56,-08:00,2025-02-12T11:12:56-08:00,0,62
meta/index.html,13,html,3cb07d79,Nomin Batjargal,2025-02-12,11:12:56,-08:00,2025-02-12T11:12:56-08:00,0,6
meta/index.html,14,html,3cb07d79,Nomin Batjargal,2025-02-12,11:12:56,-08:00,2025-02-12T11:12:56-08:00,0,6
contact/index.html,1,html,765a2b6c,Nomin Batjargal,2025-01-10,00:20:39,-08:00,2025-01-10T00:20:39-08:00,0,14
contact/index.html,2,html,765a2b6c,Nomin Batjargal,2025-01-10,00:20:39,-08:00,2025-01-10T00:20:39-08:00,0,15
contact/index.html,3,html,765a2b6c,Nomin Batjargal,2025-01-10,00:20:39,-08:00,2025-01-10T00:20:39-08:00,0,5
contact/index.html,4,html,765a2b6c,Nomin Batjargal,2025-01-10,00:20:39,-08:00,2025-01-10T00:20:39-08:00,0,21
contact/index.html,5,html,765a2b6c,Nomin Batjargal,2025-01-10,00:20:39,-08:00,2025-01-10T00:20:39-08:00,0,69
contact/index.html,6,html,91074c12,Nomin Batjargal,2025-01-17,22:13:04,-08:00,2025-01-17T22:13:04-08:00,0,21
contact/index.html,7,html,91074c12,Nomin Batjargal,2025-01-17,22:13:04,-08:00,2025-01-17T22:13:04-08:00,0,42
contact/index.html,8,html,b1a7edc2,Nomin Batjargal,2025-01-24,21:06:22,-08:00,2025-01-24T21:06:22-08:00,0,49
contact/index.html,9,html,765a2b6c,Nomin Batjargal,2025-01-10,00:20:39,-08:00,2025-01-10T00:20:39-08:00,0,6
contact/index.html,10,html,765a2b6c,Nomin Batjargal,2025-01-10,00:20:39,-08:00,2025-01-10T00:20:39-08:00,0,5
contact/index.html,11,html,765a2b6c,Nomin Batjargal,2025-01-10,00:20:39,-08:00,2025-01-10T00:20:39-08:00,0,15
contact/index.html,12,html,b1a7edc2,Nomin Batjargal,2025-01-24,21:06:22,-08:00,2025-01-24T21:06:22-08:00,0,41
contact/index.html,13,html,91074c12,Nomin Batjargal,2025-01-17,22:13:04,-08:00,2025-01-17T22:13:04-08:00,0,59
contact/index.html,14,html,91074c12,Nomin Batjargal,2025-01-17,22:13:04,-08:00,2025-01-17T22:13:04-08:00,0,68
contact/index.html,15,html,765a2b6c,Nomin Batjargal,2025-01-10,00:20:39,-08:00,2025-01-10T00:20:39-08:00,0,22
contact/index.html,16,html,765a2b6c,Nomin Batjargal,2025-01-10,00:20:39,-08:00,2025-01-10T00:20:39-08:00,0,6
contact/index.html,17,html,765a2b6c,Nomin Batjargal,2025-01-10,00:20:39,-08:00,2025-01-10T00:20:39-08:00,0,6
contact/index.html,18,html,765a2b6c,Nomin Batjargal,2025-01-10,00:20:39,-08:00,2025-01-10T00:20:39-08:00,0,6
